<?xml version="1.0" encoding="UTF-8"?>
<info version="1.1">
  <general>
    <createDate>2015-11-18T00:23:19</createDate>
    <changeDate>2015-11-18T00:23:19</changeDate>
    <schema>iso19139</schema>
    <isTemplate>n</isTemplate>
    <localId>270764</localId>
    <format>full</format>
    <rating>0</rating>
    <popularity>4374</popularity>
    <uuid>a765c391-2c00-4a1f-a925-e8505a7c5afd</uuid>
    <siteId>7fc45be3-9aba-4198-920c-b8737112d522</siteId>
    <siteName>PRODIGE</siteName>
  </general>
  <categories />
  <privileges>
    <group name="All (Internet)">
      <operation name="dynamic" />
      <operation name="view" />
      <operation name="download" />
    </group>
  </privileges>
  <public />
  <private />
</info>

