<?xml version="1.0" encoding="UTF-8"?>
<info version="1.1">
  <general>
    <createDate>2014-02-27T09:04:05</createDate>
    <changeDate>2015-03-19T09:57:10</changeDate>
    <schema>iso19139</schema>
    <isTemplate>n</isTemplate>
    <localId>509</localId>
    <format>full</format>
    <rating>0</rating>
    <popularity>71</popularity>
    <uuid>65f0a9e6-89ff-48e2-a2c1-a3aba4b06ed1</uuid>
    <siteId>7fc45be3-9aba-4198-920c-b8737112d522</siteId>
    <siteName>PRODIGE</siteName>
  </general>
  <categories>
    <category name="Métropole-Atlasanté" />
  </categories>
  <privileges>
    <group name="All (Internet)">
      <operation name="dynamic" />
      <operation name="view" />
      <operation name="download" />
    </group>
  </privileges>
  <public>
    <file name="509_large_72293.png" changeDate="2014-02-27T09:21:15" />
    <file name="509_large_97865.png" changeDate="2015-06-22T16:50:51" />
    <file name="509_small_86880.png" changeDate="2015-06-22T16:50:52" />
    <file name="509_small_62635.png" changeDate="2014-02-27T09:21:17" />
  </public>
  <private />
</info>

