<?xml version="1.0" encoding="UTF-8"?>
<info version="1.1">
  <general>
    <createDate>2014-02-18T09:34:15</createDate>
    <changeDate>2015-06-05T16:36:45</changeDate>
    <schema>iso19139</schema>
    <isTemplate>n</isTemplate>
    <localId>468</localId>
    <format>full</format>
    <rating>0</rating>
    <popularity>54</popularity>
    <uuid>e0f504c2-c344-4256-8587-f402036e31bb</uuid>
    <siteId>7fc45be3-9aba-4198-920c-b8737112d522</siteId>
    <siteName>PRODIGE</siteName>
  </general>
  <categories>
    <category name="Métropole-Atlasanté" />
  </categories>
  <privileges>
    <group name="All (Internet)">
      <operation name="dynamic" />
      <operation name="view" />
      <operation name="download" />
    </group>
  </privileges>
  <public />
  <private />
</info>

