<?xml version="1.0" encoding="UTF-8"?>
<info version="1.1">
  <general>
    <createDate>2015-03-19T17:07:07</createDate>
    <changeDate>2015-06-22T16:06:38</changeDate>
    <schema>iso19139</schema>
    <isTemplate>n</isTemplate>
    <localId>1397</localId>
    <format>full</format>
    <rating>0</rating>
    <popularity>76</popularity>
    <uuid>a8996d7e-e3e3-4a8d-a838-47860a37aad9</uuid>
    <siteId>7fc45be3-9aba-4198-920c-b8737112d522</siteId>
    <siteName>PRODIGE</siteName>
  </general>
  <categories>
    <category name="Métropole-Atlasanté" />
  </categories>
  <privileges>
    <group name="All (Internet)">
      <operation name="dynamic" />
      <operation name="view" />
      <operation name="download" />
    </group>
  </privileges>
  <public>
    <file name="1397_small_32240.png" changeDate="2015-03-19T17:19:30" />
    <file name="1397_large_95378.png" changeDate="2015-03-19T17:19:29" />
    <file name="1397_small_52085.png" changeDate="2015-03-19T17:19:49" />
    <file name="1397_large_97215.png" changeDate="2015-03-19T17:19:49" />
  </public>
  <private />
</info>

